None,
31833.677493227933,
27220.580876891214,
27151.003885804737,
27092.144984155573,
27040.496702493652,
26994.68316055872,
26953.624503350977,
26916.455163905463,
26882.467028912437,
26851.06816648022,
26821.752197636004,
26794.07497938554,
26767.636365951632