None,
30346.869205734645,
26674.032434648685,
26648.501005552447,
26625.212427660743,
26601.700717666758,
26577.74442461948,
26553.10145807314,
26527.49943551586,
26500.627460333562,
26472.12699914478,
26441.58237074021,
26408.511407861333,
26372.357263451544