None,
41905.6621225715,
40362.804790352035,
40326.32863726019,
40292.46738014032,
40260.674458180576,
40230.600815395046,
40201.95405112221,
40174.486169398326,
40147.98433370406,
40122.26367633123,
40097.16163155879,
40072.533427827664,
40048.24849153865