None,
392.4516959270663,
349.9356810244007,
349.9356015636514,
349.935601554459,
349.9356015544565,
349.9356015544565,
349.93560155445584,
349.9356015544566,
349.9356015544564,
349.93560155445647,
349.9356015544564,
349.9356015544564,
349.93560155445647