None,
56551.108877392835,
55727.23605140661,
55721.844315512644,
55713.668931618246,
55704.32396288489,
55693.06893653323,
55678.55338653346,
55658.55162692692,
55629.41350544055,
55585.22417165039,
55516.62283192963,
55409.419238973314,
55243.74193260881