None,
40790.49369864995,
38579.34418766239,
38546.332578884256,
38515.0878367195,
38483.92545053135,
38448.89806478147,
38402.32000641752,
38329.31719615497,
38201.13148583496,
37964.853855194495,
37535.38343811082,
36816.99169026744,
35801.617404933364