None,
544.9489082559024,
443.2167070824492,
443.2166064061954,
443.2166064046933,
443.2166064046933,
443.21660640469344,
443.2166064046932,
443.2166064046932,
443.2166064046932,
443.2166064046932,
443.2166064046932,
443.2166064046932,
443.2166064046932