None,
37378.75999122453,
35009.98529682113,
34979.63806689852,
34949.95606188997,
34920.217009248125,
34890.30061886439,
34860.08810691831,
34829.45554681172,
34798.27193224367,
34766.39728290468,
34733.680699051096,
34699.9583904178,
34665.05173741229