None,
77914.06329277318,
66770.14678006624,
66772.57021527969,
66772.6297903067,
66772.63070506555,
66772.63071807344,
66772.63071817442,
66772.63071816841,
66772.6307181678,
66772.63071816774,
66772.63071816773,
66772.63071816773,
66772.63071816773