None,
58246.86407619016,
50883.54333969865,
50885.661961812766,
50885.87157827322,
50885.87166764238,
50885.869984054654,
50885.86957105643,
50885.86948339024,
50885.86946523228,
50885.869461488706,
50885.8694607176,
50885.869460558795,
50885.86946052609