None,
37110.43008553918,
34711.873510523576,
34681.68427048874,
34652.40305530377,
34623.252500988456,
34594.09438557089,
34564.79231106657,
34535.205482186204,
34505.18616361822,
34474.577153458056,
34443.209199938974,
34410.89839477101,
34377.4436254303