None,
41335.39461731938,
27950.431070513594,
27949.469263567757,
27949.469527345078,
27949.46949019547,
27949.469486619197,
27949.469486350063,
27949.469486329956,
27949.469486328446,
27949.469486328337,
27949.46948632833,
27949.469486328337,
27949.469486328337