None,
311.7840008046677,
285.3645103002988,
285.36413442107687,
285.3641336533203,
285.364133645879,
285.36413364579346,
285.36413364579244,
285.3641336457925,
285.36413364579215,
285.3641336457928,
285.36413364579295,
285.36413364579306,
285.36413364579295