None,
45381.150177454765,
43254.33394756743,
43222.7476914397,
43192.231124667254,
43164.10209938849,
43136.92183834796,
43108.234964850155,
43073.970802797245,
43026.91355809123,
42953.99440722026,
42831.893718677,
42621.2983954479,
42264.223671438755