None,
49485.92505123999,
43215.2928157738,
43214.41106255643,
43214.625496785884,
43214.641454353114,
43214.643587562816,
43214.64406220045,
43214.644186913094,
43214.64422084908,
43214.64423014458,
43214.644232693856,
43214.64423339315,
43214.644233584986