None,
364.5791568141685,
310.4752186139366,
310.47490703712685,
310.4749068683552,
310.47490686767446,
310.47490686767065,
310.4749068676697,
310.47490686767014,
310.47490686767037,
310.47490686767037,
310.47490686767037,
310.47490686767037,
310.47490686767037