None,
57954.88464485825,
56092.58041125575,
56054.54908501218,
56019.01430508993,
55987.23857581118,
55958.12402414863,
55930.42565407975,
55902.66764215698,
55872.89856933867,
55838.34206709471,
55794.900815030465,
55736.4857529266,
55654.220110612434