None,
34086.23350342566,
29300.880980399867,
29213.737701679347,
29139.65661627041,
29074.924568685143,
29017.781482815528,
28966.8663330503,
28921.100361174325,
28879.614033417212,
28841.695093636645,
28806.750668626082,
28774.279105602465,
28743.84867570711