None,
51797.32492065843,
50910.9113353757,
50904.29981218604,
50895.275965860936,
50883.86093434585,
50868.04394682552,
50844.094473266436,
50805.32118202375,
50739.93388494202,
50627.94498739046,
50438.03309253199,
50128.742309374524,
49665.08470270259