None,
31997.023696352313,
28530.69276938839,
28504.47296818156,
28480.224779534732,
28455.77381400259,
28430.94141936644,
28405.559357216047,
28379.443476345456,
28352.38829520042,
28324.162009155527,
28294.501186530877,
28263.105225526917,
28229.630794873126