None,
44993.28746534203,
43641.656059207184,
43604.669830058345,
43568.22002444435,
43532.146711277805,
43496.35638275213,
43460.76068494478,
43425.27562630805,
43389.8211033513,
43354.32049545144,
43318.700319112766,
43282.88993622528,
43246.82131233586