None,
45991.31182140382,
34673.72652340122,
34673.30065051413,
34673.29845731722,
34673.29838178854,
34673.29837902923,
34673.29837892182,
34673.29837891742,
34673.29837891724,
34673.29837891723,
34673.29837891723,
34673.29837891723,
34673.29837891723