None,
468.453845580096,
342.22237336372376,
342.22192806359016,
342.2219280496792,
342.22192804967847,
342.22192804967847,
342.2219280496785,
342.2219280496785,
342.2219280496785,
342.2219280496785,
342.2219280496785,
342.2219280496785,
342.2219280496785