None,
46713.261534085,
40243.1050915654,
40242.894352994364,
40242.8928203301,
40242.89279457616,
40242.89279406588,
40242.89279405452,
40242.89279405424,
40242.89279405424,
40242.89279405424,
40242.89279405424,
40242.892794054234,
40242.89279405424