None,
278.91628212253687,
241.53306316435382,
241.53139632248826,
241.53138390261356,
241.53138361393678,
241.5313836067366,
241.53138360655672,
241.53138360655203,
241.531383606552,
241.53138360655188,
241.53138360655228,
241.53138360655154,
241.5313836065518