None,
32150.38756095567,
28575.91326383982,
28549.80291541488,
28525.862284490206,
28501.944395156344,
28477.875792181618,
28453.494875166314,
28428.626918009297,
28403.078865808122,
28376.63460510607,
28349.050009543756,
28320.047838684935,
28289.312716597113