None,
260.62982891435695,
214.60051818066756,
214.59812791775684,
214.59811611529287,
214.5981157847255,
214.59811577374248,
214.5981157733754,
214.5981157733629,
214.598115773363,
214.5981157733624,
214.59811577336274,
214.5981157733628,
214.5981157733627