None,
406.0675955110424,
263.7829835055854,
263.7813940132458,
263.7813939287433,
263.7813939287368,
263.78139392873686,
263.78139392873686,
263.78139392873675,
263.78139392873675,
263.78139392873675,
263.78139392873675,
263.78139392873675,
263.7813939287368