None,
33301.1034417725,
28618.19983516844,
28540.558714748156,
28474.712208619356,
28416.939545214736,
28365.649903269234,
28319.5994661373,
28277.78587821108,
28239.38182587346,
28203.687151738894,
28170.093296760562,
28138.056297774838,
28107.075916172224