None,
499.0300148103873,
347.0199199981188,
347.01963899452153,
347.01963898985525,
347.01963898985537,
347.01963898985525,
347.01963898985525,
347.01963898985525,
347.0196389898553,
347.0196389898553,
347.01963898985525,
347.01963898985525,
347.01963898985525