None,
30257.043532721982,
26641.175006215293,
26615.42454591355,
26591.72472928587,
26567.598463016893,
26542.811836554803,
26517.10533387559,
26490.18153745889,
26461.69483244694,
26431.23965193253,
26398.33758201152,
26362.423804130536,
26322.83388028538