None,
424.32653892447036,
276.2671569359917,
276.2661259619674,
276.2661259224954,
276.26612592249353,
276.2661259224935,
276.26612592249364,
276.26612592249353,
276.26612592249353,
276.26612592249353,
276.26612592249353,
276.26612592249353,
276.26612592249353