None,
44796.94336253784,
43084.46289548276,
43073.70341132845,
43059.2356557603,
43041.968175786074,
43018.85236434738,
42983.64314124617,
42924.49784854077,
42819.42993854848,
42629.61214815014,
42293.60269399401,
41736.202702010836,
40920.49286340577