None,
46108.54548489767,
43977.164973695006,
43928.06256720993,
43882.67209901282,
43840.489147448505,
43801.11727482491,
43764.2204071132,
43729.51158624692,
43696.74419305684,
43665.70500233579,
43636.208633858914,
43608.09307891082,
43581.216063750646