None,
47362.708784465234,
44299.30149862286,
44210.240975820205,
44133.26122003021,
44066.03554458892,
44006.800464247164,
43954.188368890056,
43907.12238714185,
43864.743030508915,
43826.35597222112,
43791.39418395352,
43759.39002599942,
43729.954364882105