None,
442.65134912615497,
283.07388036864154,
283.0730607190065,
283.0730606947572,
283.07306069475624,
283.0730606947565,
283.07306069475635,
283.0730606947564,
283.07306069475635,
283.07306069475635,
283.07306069475635,
283.07306069475635,
283.07306069475635