None,
46167.94058491543,
44972.453904099326,
44934.07165636318,
44896.126595360314,
44858.37510068408,
44820.66558741907,
44782.85353056587,
44744.8000794804,
44706.37117565065,
44667.436829998514,
44627.870546270955,
44587.548886794306,
44546.35118282153