None,
41493.01343088455,
40234.80867325927,
40200.15752676837,
40165.77603002292,
40131.321568649735,
40096.58459125238,
40061.359771780735,
40025.44348337691,
39988.63167676113,
39950.717988066746,
39911.49210015661,
39870.73842520386,
39828.23523069138