None,
34710.6329599552,
32226.5585018865,
32197.461860466312,
32169.009320575267,
32140.25847872682,
32111.014634069204,
32081.06697605422,
32050.182258607187,
32018.09839537753,
31984.517483044452,
31949.098437354718,
31911.4496159691,
31871.12214654242