None,
465.88468249130887,
397.8965488543797,
397.89628676779614,
397.8962867578862,
397.89628675788555,
397.8962867578855,
397.89628675788566,
397.89628675788566,
397.89628675788566,
397.89628675788566,
397.89628675788566,
397.89628675788566,
397.89628675788566