None,
37835.9913470072,
34931.80408051497,
34891.77229513778,
34855.14793262169,
34820.916392643245,
34788.707556471236,
34758.20329613166,
34729.12313269286,
34701.2155338006,
34674.250969473476,
34648.01626468187,
34622.30997620759,
34596.93861663208