None,
38532.184879323904,
35347.86465372389,
35305.68268104354,
35267.01965757159,
35230.9905083414,
35197.2381833386,
35165.45801318596,
35135.38463585487,
35106.784218222514,
35079.448259729055,
35053.18855034085,
35027.83301860688,
35003.222276685694