None,
54603.236060245654,
44962.25568810141,
44962.164521986975,
44962.16429381191,
44962.1642898253,
44962.164289758846,
44962.16428975771,
44962.164289757704,
44962.1642897577,
44962.1642897577,
44962.164289757704,
44962.1642897577,
44962.1642897577