None,
42880.92940386464,
28517.191040845188,
28516.731363052233,
28516.745855808556,
28516.746241118006,
28516.7462508641,
28516.746251015476,
28516.746251008073,
28516.746251006927,
28516.746251006814,
28516.746251006814,
28516.746251006807,
28516.746251006807