None,
36957.946294748115,
34659.27308922647,
34628.70035913586,
34598.64477367186,
34568.27394287815,
34537.431489501236,
34505.955859696194,
34473.672766818665,
34440.39166182887,
34405.90205302278,
34369.96960697757,
34332.33211662909,
34292.695516891115