None,
55680.56843349798,
51187.525680925966,
51186.935497934726,
51186.93882736373,
51186.93844128014,
51186.93834459341,
51186.938327589196,
51186.938324746196,
51186.9383242752,
51186.93832419731,
51186.93832418443,
51186.93832418231,
51186.93832418195